{
  "ordinances": [
    {
      "ordinanceNo": "2025-05-11",
      "title": "An Ordinance Creating the Film Development Council of the Municipality of Solano, Nueva Vizcaya, Providing for Its Powers and Functions, and for Other Purposes",
      "sessionDate": "2025-04-21"
    },
    {
      "ordinanceNo": "2025-04-11",
      "title": "An Ordinance Prohibiting the Entry of Nuisance Contraband Inside the Solano District Jail in the Municipality of Solano, Nueva Vizcaya, and Providing Penalties for Violation Thereof",
      "sessionDate": "2025-04-21"
    },
    {
      "ordinanceNo": "2025-03-11",
      "title": "An Ordinance Creating the Solano Municipal Housing Board, Defining Its Powers and Functions, and for Other Purposes",
      "sessionDate": "2025-03-03"
    },
    {
      "ordinanceNo": "2025-02-11",
      "title": "An Ordinance Requiring All Households in the Municipality of Solano, Nueva Vizcaya to Comply with Zero Open Defecation (ZOD), Providing for Its Guidelines and Penalties for Violation and Appropriating Funds Therefor",
      "sessionDate": "2025-02-25"
    },
    {
      "ordinanceNo": "2025-01-11",
      "title": "An Ordinance Revising the Gender and Development Code of the Municipality of Solano, Nueva Vizcaya and for Other Purposes, Subject to All Laws and Existing Rules and Regulations",
      "sessionDate": "2025-02-25"
    }
  ]
}
