{
  "resolutions": [
    {
      "resolutionNo": "248-2025-11",
      "title": "A Resolution Authorizing Municipal Mayor Atty. Philip A. Dacayo to Sign the Application Forms for the Building Permit for the Installation of Twenty-Three (23) Solar Poles Project Owned by the YMP Telecom Power Inc.",
      "sessionDate": "2025-06-23"
    },
    {
      "resolutionNo": "247-2025-11",
      "title": "A Resolution Adopting Republic Act No. 8976, Otherwise Known as the Food Fortification Law, as Part of the Local Nutrition Program Implementation in the Municipality of Solano",
      "sessionDate": "2025-06-23"
    },
    {
      "resolutionNo": "246-2025-11",
      "title": "A Resolution Adopting Republic Act No. 8172, Otherwise Known as the Act of Salt Iodization Nationwide (ASIN), as Part of the Local Nutrition Program Implementation in the Municipality of Solano",
      "sessionDate": "2025-06-23"
    },
    {
      "resolutionNo": "245-2025-11",
      "title": "A Resolution Adopting Republic Act No. 10028, Otherwise Known as the Expanded Breastfeeding Promotion Act of 2009, as Part of the Local Nutrition Program Implementation in the Municipality of Solano",
      "sessionDate": "2025-06-23"
    },
    {
      "resolutionNo": "244-2025-11",
      "title": "A Resolution Adopting Executive Order No. 51, Otherwise Known as the National Code of Marketing of Breastmilk Substitute, Breastmilk Supplements, and Other Related Products",
      "sessionDate": "2025-06-23"
    },
    {
      "resolutionNo": "243-2025-11",
      "title": "A Resolution Adopting Republic Act No. 11037, Otherwise Known as the Masustansyang Pagkain Para sa Batang Pilipino Act, as Part of the Local Nutrition Program Implementation",
      "sessionDate": "2025-06-23"
    },
    {
      "resolutionNo": "242-2025-11",
      "title": "A Resolution Adopting Republic Act No. 11148, Otherwise Known as the Kalusugan at Nutrisyon ng Mag-Nanay Act of 2019, as Part of the Local Nutrition Program Implementation",
      "sessionDate": "2025-06-23"
    },
    {
      "resolutionNo": "241-2025-11",
      "title": "A Resolution Adopting the National Nutrition Council (NNC) Governing Board Resolution No. 1 Series of 2022 Regarding the National Policy on Nutrition in Emergencies",
      "sessionDate": "2025-06-23"
    },
    {
      "resolutionNo": "240-2025-11",
      "title": "A Resolution Declaring Appropriation Ordinance No. 01 Series of 2024 (CY 2025 Annual Budget) of Barangay San Juan Operative in Its Entirety",
      "sessionDate": "2025-06-23"
    },
    {
      "resolutionNo": "239-2025-11",
      "title": "A Resolution Declaring Resolution No. 4 Series of 2025 of the Sangguniang Kabataan of Barangay Commonal Operative in Its Entirety",
      "sessionDate": "2025-06-23"
    },
    {
      "resolutionNo": "238-2025-11",
      "title": "A Resolution Recognizing Mrs. Angelica Ordoñez Danguilan for Her Remarkable Contribution to the Rich Cultural Heritage and History of the Municipality of Solano as Composer of the Pagbiagan Song",
      "sessionDate": "2025-06-23"
    },
    {
      "resolutionNo": "237-2025-11",
      "title": "A Resolution Authorizing Municipal Mayor Atty. Philip A. Dacayo to Enter into a Contract of Service with Dr. Charles Melric Castro Billedo for the Provision of Medical Consultation Services",
      "sessionDate": "2025-06-23"
    },
    {
      "resolutionNo": "236-2025-11",
      "title": "A Resolution Authorizing Municipal Mayor Atty. Philip A. Dacayo to Enter into a Contract of Service with Mr. Fonchito C. Gallevo, CPA, MGM, CSEE, for the Provision of Management Advisory Services",
      "sessionDate": "2025-06-23"
    },
    {
      "resolutionNo": "235-2025-11",
      "title": "A Resolution Authorizing Municipal Mayor Atty. Philip A. Dacayo to Enter into a Contract of Service with Leona Castillo Dotimas as Head of the Office of the Senior Citizens Affairs (OSCA)",
      "sessionDate": "2025-06-23"
    },
    {
      "resolutionNo": "234-2025-11",
      "title": "A Resolution Authorizing Municipal Mayor Atty. Philip A. Dacayo to Enter into a Memorandum of Understanding with the Philippine Red Cross Nueva Vizcaya for Mobile Blood Donation Activities",
      "sessionDate": "2025-06-23"
    },
    {
      "resolutionNo": "233-2025-11",
      "title": "A Resolution Authorizing Municipal Mayor Atty. Philip A. Dacayo to Enter into a Memorandum of Agreement with the Nueva Vizcaya Provincial Hospital for the Sustainable Program of Voluntary Blood Donation",
      "sessionDate": "2025-06-23"
    },
    {
      "resolutionNo": "232-2025-11",
      "title": "A Resolution Earnestly Requesting the Department of Public Works and Highways to Prioritize the Completion of the Flood Control Project Along the Magat River",
      "sessionDate": "2025-06-23"
    },
    {
      "resolutionNo": "231-2025-11",
      "title": "A Resolution Authorizing Municipal Mayor Atty. Philip A. Dacayo to Enter into Employment Contracts with the Beneficiaries of the Special Program for Employment of Students (SPES)",
      "sessionDate": "2025-06-23"
    },
    {
      "resolutionNo": "230-2025-11",
      "title": "A Resolution Endorsing to the Municipal Development Council the Resolution No. 01 Series of 2025 of the Barangay Development Council of Roxas",
      "sessionDate": "2025-06-23"
    },
    {
      "resolutionNo": "229-2025-11",
      "title": "A Resolution Approving the Applications for Franchise to Operate Motorized Tricycles-for-Hire in the Municipality of Solano, Province of Nueva Vizcaya",
      "sessionDate": "2025-06-23"
    },
    {
      "resolutionNo": "228-2025-10",
      "title": "A Resolution Authorizing Municipal Mayor Atty. Philip A. Dacayo to Enter into a Data Sharing Agreement with the Department of Social Welfare and Development for 4Ps Beneficiaries Profiling",
      "sessionDate": "2025-06-16"
    },
    {
      "resolutionNo": "227-2025-09",
      "title": "A Resolution Declaring as Savings the Unappropriated Surplus Amounting to Forty-Four Million Seven Hundred Nineteen Thousand Four Hundred Fifty-Two Pesos (PHP 44,719,452.00)",
      "sessionDate": "2025-06-09"
    },
    {
      "resolutionNo": "226-2025-09",
      "title": "A Resolution Expressing Gratitude and Recognition to Ms. Angelica Ordoñez Danguilan for Her Contribution as Facilitator in the Retrieval of the Original Document Containing the Lyrics of Solano March",
      "sessionDate": "2025-06-09"
    },
    {
      "resolutionNo": "225-2025-09",
      "title": "A Resolution Expressing Profound Congratulations to Senior Fire Officer III Daisy Leal Cabauatan for Being Recognized as Resilience Champion in the Philippine Resilience Awards",
      "sessionDate": "2025-06-09"
    },
    {
      "resolutionNo": "224-2025-09",
      "title": "A Resolution Warmly Congratulating CPA Licensure Examination Passers from the Municipality of Solano",
      "sessionDate": "2025-06-09"
    },
    {
      "resolutionNo": "223-2025-09",
      "title": "A Resolution Authorizing Municipal Mayor Atty. Philip A. Dacayo to Enter into a Memorandum of Agreement with the Department of Agriculture for the Livestock Economic Enterprise Development Program",
      "sessionDate": "2025-06-09"
    },
    {
      "resolutionNo": "222-2025-09",
      "title": "A Resolution Authorizing Municipal Mayor Atty. Philip A. Dacayo to Enter into a Memorandum of Agreement with the Provincial Government Unit of Nueva Vizcaya for Collaborative Framework",
      "sessionDate": "2025-06-09"
    },
    {
      "resolutionNo": "221-2025-09",
      "title": "A Resolution Approving the Applications for Franchise to Operate Motorized Tricycles-for-Hire in the Municipality of Solano, Province of Nueva Vizcaya",
      "sessionDate": "2025-06-09"
    },
    {
      "resolutionNo": "220-2025-09",
      "title": "A Resolution Authorizing Municipal Mayor Atty. Philip A. Dacayo to Execute a Deed of Donation of a 140 SQM Lot in Favor of Barangay Poblacion South",
      "sessionDate": "2025-06-09"
    },
    {
      "resolutionNo": "219-2025-08",
      "title": "A Resolution Profoundly Congratulating SF03 Daisy Cabauatan for Being Recognized as One of the Ten 2025 Outstanding Women in Law Enforcement and National Security Awardees",
      "sessionDate": "2025-06-02"
    },
    {
      "resolutionNo": "218-2025-08",
      "title": "A Resolution Honoring the Late Pablo Whigan for His Remarkable Contribution to the Rich Cultural Heritage and History of the Municipality of Solano as Composer of the Solano March",
      "sessionDate": "2025-06-02"
    },
    {
      "resolutionNo": "217-2025-08",
      "title": "A Resolution Approving the Realignment of the Development Projects of Barangays Bangar, Osmeña and Aggub Funded Under the 20% Development Fund for Calendar Year 2026",
      "sessionDate": "2025-06-02"
    },
    {
      "resolutionNo": "216-2025-08",
      "title": "A Resolution Approving and Adopting the Annual Investment Program (AIP) for Calendar Year 2026 of the Municipality of Solano, Nueva Vizcaya",
      "sessionDate": "2025-06-02"
    },
    {
      "resolutionNo": "215-2025-08",
      "title": "A Resolution Expressing Profound Congratulations to Civil Service Examination Passers from the Municipality of Solano",
      "sessionDate": "2025-06-02"
    },
    {
      "resolutionNo": "214-2025-08",
      "title": "A Resolution Expressing Profound Congratulations to Philippine Nurses Licensure Examination Passers from the Municipality of Solano",
      "sessionDate": "2025-06-02"
    },
    {
      "resolutionNo": "213-2025-08",
      "title": "A Resolution Approving the Temporary Closure of Mabini, Gaddang, and Luna Streets in Barangay Poblacion South as Temporary Selling Areas for Vendors",
      "sessionDate": "2025-06-02"
    },
    {
      "resolutionNo": "212-2025-08",
      "title": "A Resolution Warmly Congratulating Honorable Flodemonte Santiago Gerdan for Being Elected as Board Member of the Province of Nueva Vizcaya",
      "sessionDate": "2025-06-02"
    },
    {
      "resolutionNo": "211-2025-08",
      "title": "A Resolution Warmly Congratulating Honorable Wilson Dee Salas for Being Elected as Board Member of the Province of Nueva Vizcaya",
      "sessionDate": "2025-06-02"
    },
    {
      "resolutionNo": "210-2025-08",
      "title": "A Resolution Warmly Congratulating Honorable Atty. Primo Percival Jose Marcos for Being Re-Elected as Board Member of the Province of Nueva Vizcaya",
      "sessionDate": "2025-06-02"
    },
    {
      "resolutionNo": "209-2025-08",
      "title": "A Resolution Warmly Congratulating Honorable Atty. John Severino Gonong Bagasao for Being Elected as Board Member of the Province of Nueva Vizcaya",
      "sessionDate": "2025-06-02"
    }
  ]
}
