{
  "services": [
    {
      "id": "birth-certificate",
      "title": "Birth Certificate",
      "category": "Certificates & Vital Records",
      "categoryId": "certificates",
      "description": "Get a certified copy of birth certificate registered in Solano",
      "keywords": ["birth", "certificate", "born", "baby", "civil registry", "lcr", "vital records"],
      "fee": "₱150",
      "processingTime": "15-30 minutes",
      "office": "Local Civil Registrar",
      "url": "../service-details/birth-certificate.html"
    },
    {
      "id": "marriage-certificate",
      "title": "Marriage Certificate",
      "category": "Certificates & Vital Records",
      "categoryId": "certificates",
      "description": "Register or request certified true copy of marriage certificate",
      "keywords": ["marriage", "wedding", "married", "spouse", "civil registry", "kasal", "COM", "certificate of marriage"],
      "fee": "Free (Registration)",
      "processingTime": "5 minutes",
      "office": "Local Civil Registrar",
      "url": "../service-details/marriage-certificate.html"
    },
    {
      "id": "death-certificate",
      "title": "Death Certificate",
      "category": "Certificates & Vital Records",
      "categoryId": "certificates",
      "description": "Register death certificate and obtain burial or transfer permit",
      "keywords": ["death", "died", "deceased", "obituary", "civil registry", "burial permit", "transfer permit"],
      "fee": "₱50-150",
      "processingTime": "1 hour 35 minutes",
      "office": "Local Civil Registrar",
      "url": "../service-details/death-certificate.html"
    },
    {
      "id": "barangay-clearance",
      "title": "Barangay Clearance",
      "category": "Certificates & Vital Records",
      "categoryId": "certificates",
      "description": "Certificate of residence from your barangay",
      "keywords": ["barangay", "clearance", "residence", "residency", "brgy"],
      "fee": "₱50-100",
      "processingTime": "Same day",
      "office": "Barangay Hall",
      "url": "certificates.html"
    },
    {
      "id": "barangay-id",
      "title": "Barangay ID",
      "category": "Certificates & Vital Records",
      "categoryId": "certificates",
      "description": "Official barangay identification card",
      "keywords": ["barangay", "id", "identification", "brgy"],
      "fee": "Free",
      "processingTime": "1-2 days",
      "office": "Barangay Hall",
      "url": "certificates.html"
    },
    {
      "id": "police-clearance",
      "title": "Police Clearance",
      "category": "Certificates & Vital Records",
      "categoryId": "certificates",
      "description": "Police clearance coordination through municipal office",
      "keywords": ["police", "clearance", "nbi", "criminal", "record"],
      "fee": "Varies",
      "processingTime": "3-5 days",
      "office": "PNP Solano",
      "url": "certificates.html"
    },
    {
      "id": "business-permit-new",
      "title": "Business Permit (New)",
      "category": "Business, Trade & Investment",
      "categoryId": "business",
      "description": "Apply for a new mayor's permit to operate a business",
      "keywords": ["business", "permit", "new", "mayor", "license", "negosyo", "store", "shop"],
      "fee": "Varies",
      "processingTime": "3-5 days",
      "office": "Business Permits & Licensing Office",
      "url": "business.html"
    },
    {
      "id": "business-permit-renewal",
      "title": "Business Permit Renewal",
      "category": "Business, Trade & Investment",
      "categoryId": "business",
      "description": "Renew your annual business permit",
      "keywords": ["business", "permit", "renewal", "renew", "annual", "negosyo"],
      "fee": "Varies",
      "processingTime": "Same day",
      "office": "Business Permits & Licensing Office",
      "url": "business.html"
    },
    {
      "id": "business-closure",
      "title": "Business Closure",
      "category": "Business, Trade & Investment",
      "categoryId": "business",
      "description": "File for business closure/termination",
      "keywords": ["business", "closure", "close", "terminate", "end"],
      "fee": "Free",
      "processingTime": "1-2 days",
      "office": "Business Permits & Licensing Office",
      "url": "business.html"
    },
    {
      "id": "sanitary-permit",
      "title": "Sanitary Permit",
      "category": "Business, Trade & Investment",
      "categoryId": "business",
      "description": "Health and sanitation permit for businesses",
      "keywords": ["sanitary", "permit", "health", "sanitation", "food", "restaurant"],
      "fee": "Varies",
      "processingTime": "1-3 days",
      "office": "Municipal Health Office",
      "url": "business.html"
    },
    {
      "id": "cedula",
      "title": "Community Tax Certificate (Cedula)",
      "category": "Business, Trade & Investment",
      "categoryId": "business",
      "description": "Obtain cedula for individuals and businesses",
      "keywords": ["cedula", "community", "tax", "certificate", "ctc"],
      "fee": "₱5+",
      "processingTime": "Same day",
      "office": "Municipal Treasurer's Office",
      "url": "business.html"
    },
    {
      "id": "senior-citizen-id",
      "title": "Senior Citizen ID",
      "category": "Social Services & Assistance",
      "categoryId": "social-services",
      "description": "ID card and benefits for citizens 60 years and above",
      "keywords": ["senior", "citizen", "elderly", "old", "60", "osca", "discount"],
      "fee": "Free",
      "processingTime": "1-2 weeks",
      "office": "MSWDO / OSCA",
      "url": "social-services.html"
    },
    {
      "id": "pwd-id",
      "title": "PWD ID & Services",
      "category": "Social Services & Assistance",
      "categoryId": "social-services",
      "description": "ID and benefits for persons with disabilities",
      "keywords": ["pwd", "disability", "disabled", "handicap", "special", "discount"],
      "fee": "Free",
      "processingTime": "1-2 weeks",
      "office": "MSWDO",
      "url": "social-services.html"
    },
    {
      "id": "financial-assistance",
      "title": "Financial Assistance",
      "category": "Social Services & Assistance",
      "categoryId": "social-services",
      "description": "Emergency financial aid for qualified residents",
      "keywords": ["financial", "assistance", "aid", "help", "money", "emergency", "aics"],
      "fee": "Free",
      "processingTime": "Varies",
      "office": "MSWDO",
      "url": "social-services.html"
    },
    {
      "id": "burial-assistance",
      "title": "Burial Assistance",
      "category": "Social Services & Assistance",
      "categoryId": "social-services",
      "description": "Financial assistance for burial expenses",
      "keywords": ["burial", "funeral", "death", "assistance", "aid"],
      "fee": "Free",
      "processingTime": "1-3 days",
      "office": "MSWDO",
      "url": "social-services.html"
    },
    {
      "id": "solo-parent-id",
      "title": "Solo Parent ID",
      "category": "Social Services & Assistance",
      "categoryId": "social-services",
      "description": "ID and benefits for solo parents",
      "keywords": ["solo", "parent", "single", "mother", "father"],
      "fee": "Free",
      "processingTime": "1-2 weeks",
      "office": "MSWDO",
      "url": "social-services.html"
    },
    {
      "id": "vaccination",
      "title": "Vaccination Programs",
      "category": "Health & Wellness",
      "categoryId": "health",
      "description": "Free immunization for children and adults",
      "keywords": ["vaccine", "vaccination", "immunization", "shot", "covid", "flu"],
      "fee": "Free",
      "processingTime": "Same day",
      "office": "Municipal Health Office",
      "url": "health.html"
    },
    {
      "id": "health-certificate",
      "title": "Health Certificate",
      "category": "Health & Wellness",
      "categoryId": "health",
      "description": "Medical certificate for employment or business",
      "keywords": ["health", "certificate", "medical", "employment", "work"],
      "fee": "₱100-200",
      "processingTime": "Same day",
      "office": "Municipal Health Office",
      "url": "health.html"
    },
    {
      "id": "medical-assistance",
      "title": "Medical Assistance",
      "category": "Health & Wellness",
      "categoryId": "health",
      "description": "Financial aid for medical expenses and hospitalization",
      "keywords": ["medical", "assistance", "hospital", "medicine", "health", "sick"],
      "fee": "Free",
      "processingTime": "1-3 days",
      "office": "Municipal Health Office / MSWDO",
      "url": "health.html"
    },
    {
      "id": "prenatal-checkup",
      "title": "Prenatal Checkup",
      "category": "Health & Wellness",
      "categoryId": "health",
      "description": "Free prenatal care for pregnant women",
      "keywords": ["prenatal", "pregnant", "pregnancy", "baby", "maternal", "checkup"],
      "fee": "Free",
      "processingTime": "Same day",
      "office": "Municipal Health Office",
      "url": "health.html"
    },
    {
      "id": "real-property-tax",
      "title": "Real Property Tax Payment",
      "category": "Taxation & Payments",
      "categoryId": "tax-payments",
      "description": "Pay annual real property tax (amilyar)",
      "keywords": ["property", "tax", "real", "amilyar", "land", "house", "lot"],
      "fee": "Varies",
      "processingTime": "Same day",
      "office": "Municipal Treasurer's Office",
      "url": "tax-payments.html"
    },
    {
      "id": "business-tax",
      "title": "Business Tax Payment",
      "category": "Taxation & Payments",
      "categoryId": "tax-payments",
      "description": "Pay quarterly or annual business taxes",
      "keywords": ["business", "tax", "payment", "quarterly", "annual"],
      "fee": "Varies",
      "processingTime": "Same day",
      "office": "Municipal Treasurer's Office",
      "url": "tax-payments.html"
    },
    {
      "id": "tax-clearance",
      "title": "Tax Clearance",
      "category": "Taxation & Payments",
      "categoryId": "tax-payments",
      "description": "Certificate of no tax liability",
      "keywords": ["tax", "clearance", "certificate", "liability"],
      "fee": "₱50-100",
      "processingTime": "Same day",
      "office": "Municipal Treasurer's Office",
      "url": "tax-payments.html"
    },
    {
      "id": "agricultural-loan",
      "title": "Agricultural Loans",
      "category": "Agriculture & Economic Development",
      "categoryId": "agriculture",
      "description": "Low-interest loans for farmers",
      "keywords": ["agricultural", "loan", "farmer", "farming", "credit", "pautang"],
      "fee": "Varies",
      "processingTime": "1-2 weeks",
      "office": "Municipal Agriculture Office",
      "url": "agriculture.html"
    },
    {
      "id": "crop-insurance",
      "title": "Crop Insurance",
      "category": "Agriculture & Economic Development",
      "categoryId": "agriculture",
      "description": "Insurance coverage for crop damage",
      "keywords": ["crop", "insurance", "damage", "calamity", "pcic"],
      "fee": "Subsidized",
      "processingTime": "Varies",
      "office": "Municipal Agriculture Office",
      "url": "agriculture.html"
    },
    {
      "id": "fertilizer-assistance",
      "title": "Fertilizer Assistance",
      "category": "Agriculture & Economic Development",
      "categoryId": "agriculture",
      "description": "Free or subsidized fertilizer for registered farmers",
      "keywords": ["fertilizer", "assistance", "farmer", "farming", "abono"],
      "fee": "Free/Subsidized",
      "processingTime": "Varies",
      "office": "Municipal Agriculture Office",
      "url": "agriculture.html"
    },
    {
      "id": "building-permit",
      "title": "Building Permit",
      "category": "Infrastructure & Public Works",
      "categoryId": "infrastructure",
      "description": "Permit for new construction or renovation",
      "keywords": ["building", "permit", "construction", "house", "renovation", "build"],
      "fee": "Varies",
      "processingTime": "5-10 days",
      "office": "Municipal Engineering Office",
      "url": "infrastructure.html"
    },
    {
      "id": "occupancy-permit",
      "title": "Occupancy Permit",
      "category": "Infrastructure & Public Works",
      "categoryId": "infrastructure",
      "description": "Certificate of completion for new buildings",
      "keywords": ["occupancy", "permit", "completion", "building", "certificate"],
      "fee": "Varies",
      "processingTime": "3-5 days",
      "office": "Municipal Engineering Office",
      "url": "infrastructure.html"
    },
    {
      "id": "road-maintenance",
      "title": "Road Maintenance Request",
      "category": "Infrastructure & Public Works",
      "categoryId": "infrastructure",
      "description": "Report road damage or request repairs",
      "keywords": ["road", "maintenance", "repair", "pothole", "damage", "street"],
      "fee": "Free",
      "processingTime": "Varies",
      "office": "Municipal Engineering Office",
      "url": "infrastructure.html"
    },
    {
      "id": "scholarship",
      "title": "Scholarship Programs",
      "category": "Education & Scholarship",
      "categoryId": "education",
      "description": "Financial assistance for students",
      "keywords": ["scholarship", "student", "education", "school", "college", "tuition"],
      "fee": "Free",
      "processingTime": "Varies",
      "office": "Municipal Mayor's Office",
      "url": "education.html"
    },
    {
      "id": "student-assistance",
      "title": "Student Assistance",
      "category": "Education & Scholarship",
      "categoryId": "education",
      "description": "Educational grants and allowances",
      "keywords": ["student", "assistance", "education", "allowance", "grant"],
      "fee": "Free",
      "processingTime": "Varies",
      "office": "MSWDO",
      "url": "education.html"
    },
    {
      "id": "emergency-response",
      "title": "Emergency Response",
      "category": "Public Safety & Security",
      "categoryId": "public-safety",
      "description": "24/7 emergency assistance and rescue",
      "keywords": ["emergency", "response", "rescue", "911", "help", "disaster"],
      "fee": "Free",
      "processingTime": "Immediate",
      "office": "MDRRMO",
      "url": "public-safety.html"
    },
    {
      "id": "disaster-preparedness",
      "title": "Disaster Preparedness",
      "category": "Public Safety & Security",
      "categoryId": "public-safety",
      "description": "Training and resources for disaster readiness",
      "keywords": ["disaster", "preparedness", "training", "evacuation", "calamity"],
      "fee": "Free",
      "processingTime": "Varies",
      "office": "MDRRMO",
      "url": "public-safety.html"
    },
    {
      "id": "environmental-clearance",
      "title": "Environmental Clearance",
      "category": "Environment & Natural Resources",
      "categoryId": "environment",
      "description": "Environmental compliance certificate for projects",
      "keywords": ["environmental", "clearance", "ecc", "compliance", "permit"],
      "fee": "Varies",
      "processingTime": "5-10 days",
      "office": "Municipal Environment Office",
      "url": "environment.html"
    },
    {
      "id": "tree-cutting-permit",
      "title": "Tree Cutting Permit",
      "category": "Environment & Natural Resources",
      "categoryId": "environment",
      "description": "Permit to cut or trim trees",
      "keywords": ["tree", "cutting", "permit", "trim", "remove"],
      "fee": "Varies",
      "processingTime": "3-5 days",
      "office": "Municipal Environment Office",
      "url": "environment.html"
    },
    {
      "id": "seedo-slaughterhouse",
      "title": "SEEDO Slaughterhouse",
      "category": "Business, Trade & Investment",
      "categoryId": "business",
      "description": "Hog, cattle, goat, and carabao slaughter with meat inspection services",
      "keywords": ["slaughterhouse", "slaughter", "hog", "cattle", "goat", "carabao", "meat", "inspection", "butcher", "SEEDO"],
      "fee": "₱40-350",
      "processingTime": "37 min - 1.5 hrs",
      "office": "SEEDO Slaughterhouse",
      "url": "../service-details/seedo-slaughterhouse.html"
    },
    {
      "id": "mswdo-services",
      "title": "MSWDO Services",
      "category": "Social Services & Assistance",
      "categoryId": "social-services",
      "description": "Social case studies, indigency certificates, AICS, PWD and senior citizen assistance",
      "keywords": ["MSWDO", "social welfare", "indigency", "certificate", "AICS", "PWD", "senior citizen", "assistance", "social worker", "welfare"],
      "fee": "Free",
      "processingTime": "28 min - 1.5 hrs",
      "office": "MSWDO",
      "url": "../service-details/mswdo-services.html"
    },
    {
      "id": "waste-management",
      "title": "Waste Management Services",
      "category": "Environment & Natural Resources",
      "categoryId": "environment",
      "description": "Garbage collection and disposal services",
      "keywords": ["waste", "garbage", "trash", "collection", "disposal", "basura"],
      "fee": "Included in tax",
      "processingTime": "Scheduled",
      "office": "Municipal Environment Office",
      "url": "environment.html"
    },
    {
      "id": "seedo-public-market",
      "title": "SEEDO Public Market",
      "category": "Business, Trade & Investment",
      "categoryId": "business",
      "description": "Market clearance, entrance fees, vendor services, and CTC issuance",
      "keywords": ["public market", "market", "vendor", "stall", "clearance", "entrance", "SEEDO", "palengke"],
      "fee": "₱5-50",
      "processingTime": "Same day",
      "office": "SEEDO Public Market",
      "url": "../service-details/seedo-public-market.html"
    },
    {
      "id": "business-permits-licensing",
      "title": "Business Permits & Licensing Office",
      "category": "Business, Trade & Investment",
      "categoryId": "business",
      "description": "New permits, renewals, Mayor's clearance, and other business permits",
      "keywords": ["BPLS", "business permit", "license", "mayor clearance", "renewal", "new business"],
      "fee": "Varies",
      "processingTime": "1-5 days",
      "office": "Mayor's Office - BPLS",
      "url": "../service-details/business-permits-licensing.html"
    },
    {
      "id": "tricycle-franchising",
      "title": "Tricycle Franchising & Records",
      "category": "Business, Trade & Investment",
      "categoryId": "business",
      "description": "Apply for tricycle franchise (MTOF) and request records",
      "keywords": ["tricycle", "franchise", "MTOF", "pedicab", "toda", "driver", "operator"],
      "fee": "Varies",
      "processingTime": "3-5 days",
      "office": "BPLS / SBO",
      "url": "../service-details/tricycle-franchising.html"
    },
    {
      "id": "municipal-treasurer",
      "title": "Municipal Treasurer's Office",
      "category": "Taxation & Payments",
      "categoryId": "tax-payments",
      "description": "Tax collection, cedula, clearances, and payment services",
      "keywords": ["treasurer", "MTO", "tax", "payment", "cedula", "clearance", "collection"],
      "fee": "Varies",
      "processingTime": "Same day",
      "office": "Municipal Treasurer's Office",
      "url": "../service-details/municipal-treasurer.html"
    },
    {
      "id": "municipal-budget",
      "title": "Municipal Budget Office",
      "category": "Taxation & Payments",
      "categoryId": "tax-payments",
      "description": "Obligation requests, barangay budget review, and SEF budget preparation",
      "keywords": ["budget", "MBO", "obligation", "appropriation", "SEF", "barangay budget"],
      "fee": "Free",
      "processingTime": "15 min - 1 day",
      "office": "Municipal Budget Office",
      "url": "../service-details/municipal-budget.html"
    },
    {
      "id": "municipal-accounting",
      "title": "Municipal Accounting Office",
      "category": "Taxation & Payments",
      "categoryId": "tax-payments",
      "description": "Pre-audit of disbursements, payroll, check issuance, and financial reporting",
      "keywords": ["accounting", "MACCO", "audit", "payroll", "check", "disbursement", "voucher"],
      "fee": "Free",
      "processingTime": "Varies",
      "office": "Municipal Accounting Office",
      "url": "../service-details/municipal-accounting.html"
    },
    {
      "id": "property-declaration",
      "title": "Property Declaration",
      "category": "Taxation & Payments",
      "categoryId": "tax-payments",
      "description": "Declaration of land, building and machineries for tax assessment",
      "keywords": ["property", "declaration", "assessor", "land", "building", "tax assessment", "real property"],
      "fee": "Varies",
      "processingTime": "3-5 days",
      "office": "Municipal Assessor's Office",
      "url": "../service-details/property-declaration.html"
    },
    {
      "id": "municipal-assessor",
      "title": "Municipal Assessor's Office",
      "category": "Taxation & Payments",
      "categoryId": "tax-payments",
      "description": "Property assessment, tax declaration, and land records",
      "keywords": ["assessor", "property", "assessment", "tax declaration", "land", "appraisal"],
      "fee": "Varies",
      "processingTime": "3-5 days",
      "office": "Municipal Assessor's Office",
      "url": "../service-details/municipal-assessor.html"
    },
    {
      "id": "civil-registrar",
      "title": "Local Civil Registrar",
      "category": "Certificates & Vital Records",
      "categoryId": "certificates",
      "description": "Birth, marriage, death certificates and civil registry services",
      "keywords": ["civil registrar", "LCR", "birth", "marriage", "death", "certificate", "vital records", "CENOMAR"],
      "fee": "₱150+",
      "processingTime": "15-30 minutes",
      "office": "Local Civil Registrar",
      "url": "../service-details/civil-registrar.html"
    },
    {
      "id": "municipal-engineering",
      "title": "Municipal Engineering Office",
      "category": "Infrastructure & Public Works",
      "categoryId": "infrastructure",
      "description": "Building permits, infrastructure projects, and engineering services",
      "keywords": ["engineering", "MEO", "building permit", "construction", "infrastructure", "road"],
      "fee": "Varies",
      "processingTime": "5-10 days",
      "office": "Municipal Engineering Office",
      "url": "../service-details/municipal-engineering.html"
    },
    {
      "id": "municipal-planning",
      "title": "Municipal Planning & Development Office",
      "category": "Infrastructure & Public Works",
      "categoryId": "infrastructure",
      "description": "Zoning, land use, development permits, and planning services",
      "keywords": ["planning", "MPDO", "zoning", "land use", "development", "locational clearance"],
      "fee": "Varies",
      "processingTime": "3-7 days",
      "office": "Municipal Planning Office",
      "url": "../service-details/municipal-planning.html"
    },
    {
      "id": "municipal-agriculture",
      "title": "Municipal Agriculture Office",
      "category": "Agriculture & Economic Development",
      "categoryId": "agriculture",
      "description": "Agricultural assistance, farm registration, and livelihood programs",
      "keywords": ["agriculture", "MAO", "farmer", "farm", "livestock", "crops", "RSBSA", "livelihood"],
      "fee": "Free/Varies",
      "processingTime": "Varies",
      "office": "Municipal Agriculture Office",
      "url": "../service-details/municipal-agriculture.html"
    },
    {
      "id": "general-services",
      "title": "General Services Office",
      "category": "Government Services",
      "categoryId": "government",
      "description": "Property management, vehicle maintenance, and general municipal services",
      "keywords": ["general services", "MGSO", "property", "vehicle", "maintenance", "supplies"],
      "fee": "Free",
      "processingTime": "Varies",
      "office": "General Services Office",
      "url": "../service-details/general-services.html"
    },
    {
      "id": "human-resource",
      "title": "Human Resource Management Office",
      "category": "Government Services",
      "categoryId": "government",
      "description": "Employment, personnel records, and HR services",
      "keywords": ["human resource", "HRMO", "employment", "job", "personnel", "hiring", "application"],
      "fee": "Free",
      "processingTime": "Varies",
      "office": "Human Resource Management Office",
      "url": "../service-details/human-resource-management.html"
    },
    {
      "id": "online-business-billing",
      "title": "Business Online Billing & Payment",
      "category": "Online Services",
      "categoryId": "online",
      "description": "View and pay your business tax bills online via Filipizen",
      "keywords": ["online", "billing", "payment", "business tax", "filipizen", "e-payment", "digital"],
      "fee": "Varies",
      "processingTime": "Instant",
      "office": "BPLS Office",
      "url": "https://www.filipizen.com/partners/nuevavizcaya_solano/bpls/billing"
    },
    {
      "id": "online-new-business",
      "title": "New Business Application Online",
      "category": "Online Services",
      "categoryId": "online",
      "description": "Apply for a new business permit online via Filipizen",
      "keywords": ["online", "new business", "application", "permit", "filipizen", "e-services"],
      "fee": "Varies",
      "processingTime": "3-5 days",
      "office": "BPLS Office",
      "url": "https://www.filipizen.com/partners/nuevavizcaya_solano/bpls/newbusiness"
    },
    {
      "id": "online-business-renewal",
      "title": "Business Permit Renewal Online",
      "category": "Online Services",
      "categoryId": "online",
      "description": "Renew your existing business permit online via Filipizen",
      "keywords": ["online", "renewal", "business permit", "filipizen", "e-services", "renew"],
      "fee": "Varies",
      "processingTime": "Same day",
      "office": "BPLS Office",
      "url": "https://www.filipizen.com/partners/nuevavizcaya_solano/bpls/renewbusiness"
    },
    {
      "id": "online-rpt-billing",
      "title": "Real Property Tax Online Billing & Payment",
      "category": "Online Services",
      "categoryId": "online",
      "description": "View and pay your real property tax (amilyar) online via Filipizen",
      "keywords": ["online", "property tax", "amilyar", "billing", "payment", "filipizen", "RPT"],
      "fee": "Varies",
      "processingTime": "Instant",
      "office": "Municipal Treasurer's Office",
      "url": "https://www.filipizen.com/partners/nuevavizcaya_solano/rptis/billing"
    },
    {
      "id": "online-payment-order",
      "title": "Online Payment Order",
      "category": "Online Services",
      "categoryId": "online",
      "description": "Process payment orders for various municipal fees online via Filipizen",
      "keywords": ["online", "payment order", "fees", "filipizen", "e-payment", "municipal fees"],
      "fee": "Varies",
      "processingTime": "Instant",
      "office": "Municipal Treasurer's Office",
      "url": "https://www.filipizen.com/partners/nuevavizcaya_solano/po/billing"
    }
  ]
}